time,q_in,S_su,S_aa,S_fa,S_va,S_bu,S_pro,S_ac,S_h2,S_ch4,S_IC,S_IN,S_h2o,X_ch,X_pr,X_li,X_su,X_aa,X_fa,X_va,X_bu,X_pro,X_ac,X_h2,S_cat,S_an,S_va_i,S_bu_i,S_pro_i,S_ac_i,S_hco3_i,S_nh3,S_gas_h2,S_gas_ch4,S_gas_co2
0,0.207,0,0,0,0.01,0.09,0.28,9.98,0,0,0,0.764,568,304.535808,24.192,18.144,0,0,0,0,0,0,0,0,0.15,0.02,0,0,0,0,0,0,0,0,0
10,0.414,0,0,0,0.01,0.09,0.28,9.98,0,0,0,0.764,568,304.535808,24.192,18.144,0,0,0,0,0,0,0,0,0.15,0.02,0,0,0,0,0,0,0,0,0
30,0.207,0,0,0,0.01,0.09,0.28,9.98,0,0,0,0.764,568,304.535808,24.192,18.144,0,0,0,0,0,0,0,0,0.15,0.02,0,0,0,0,0,0,0,0,0
50,0.1035,0,0,0,0.01,0.09,0.28,9.98,0,0,0,0.764,568,304.535808,24.192,18.144,0,0,0,0,0,0,0,0,0.15,0.02,0,0,0,0,0,0,0,0,0
70,0.207,0,0,0,0.01,0.09,0.28,9.98,0,0,0,0.764,568,304.535808,24.192,18.144,0,0,0,0,0,0,0,0,0.15,0.02,0,0,0,0,0,0,0,0,0
