"time","q_in","S_ch4","S_IC","S_IN","S_h2o","X_ch","X_pr","X_li","X_bac","S_gas_ch4","S_gas_co2"
0,4,0,0,0,960.5118,5.40313749,2.78017488,0.09101763,0,0,0
10,8,0,0,0,960.5118,5.40313749,2.78017488,0.09101763,0,0,0
30,4,0,0,0,960.5118,5.40313749,2.78017488,0.09101763,0,0,0
50,2,0,0,0,960.5118,5.40313749,2.78017488,0.09101763,0,0,0
70,4,0,0,0,960.5118,5.40313749,2.78017488,0.09101763,0,0,0
